-- Ars Sacra · seed artist directory
-- Generated by scripts/gen-d1-artists.ts from src/data/artists.ts.
-- Re-run after any artist data change.

INSERT OR REPLACE INTO artists (id, slug, honorific, name, city, region, bio, portrait_from, portrait_to, accepting_commissions, years_practicing, starting_at, custom_pricing, diocese_name, order_slug, vocation_statement, patron) VALUES ('art_maria_chrysostom', 'maria-chrysostom', NULL, 'Maria Chrysostom', 'Pittsburgh, Pennsylvania', 'United States', '["Maria trained at the Prosopon School and at the monastic workshops of Mount Athos. Her practice is rooted in the prayer rule of the iconographer: the work begins with fasting, continues with petition, and ends in obedience to the canon.","She has written for parishes, monasteries, and private chapels across North America. Her Marian commissions are particularly sought, and she keeps a small list of pilgrims for whom she writes Theotokos icons over the course of forty days."]', '#a8893f', '#42101a', 1, 14, 1800, 1, 'Diocese of Pittsburgh', NULL, 'I write icons in the Byzantine canon — egg tempera, gold leaf, gesso ground — as windows into the kingdom that is and is to come.', 'St. John Chrysostom');
INSERT OR REPLACE INTO artist_categories (artist_id, category_slug) VALUES ('art_maria_chrysostom', 'iconography');
INSERT OR REPLACE INTO artist_saints (artist_id, saint_slug) VALUES ('art_maria_chrysostom', 'mary');
INSERT OR REPLACE INTO artist_saints (artist_id, saint_slug) VALUES ('art_maria_chrysostom', 'joseph');
INSERT OR REPLACE INTO artist_saints (artist_id, saint_slug) VALUES ('art_maria_chrysostom', 'therese');
INSERT OR REPLACE INTO artist_tiers (id, artist_id, tier_id, name, description, starting_at, turnaround_weeks_min, turnaround_weeks_max, sort_order) VALUES ('tier_maria-chrysostom_small', 'art_maria_chrysostom', 'small', 'Domestic Icon', 'Single-figure icon for the home or oratory. 8×10 to 12×16 inches.', 1800, 10, 14, 0);
INSERT OR REPLACE INTO artist_tiers (id, artist_id, tier_id, name, description, starting_at, turnaround_weeks_min, turnaround_weeks_max, sort_order) VALUES ('tier_maria-chrysostom_standard', 'art_maria_chrysostom', 'standard', 'Parish Icon', 'Full canon icon for parish use. Up to 24×30 inches with gold halo and inscription.', 4200, 16, 24, 1);
INSERT OR REPLACE INTO artist_tiers (id, artist_id, tier_id, name, description, starting_at, turnaround_weeks_min, turnaround_weeks_max, sort_order) VALUES ('tier_maria-chrysostom_major', 'art_maria_chrysostom', 'major', 'Liturgical Cycle', 'Cycles of related icons — deesis, festal, hagiographic — for sanctuary or chapel.', 12000, 36, 60, 2);
INSERT OR REPLACE INTO artworks (id, artist_id, title, year, medium, dimensions, caption, pattern, palette_from, palette_to, sort_order) VALUES ('work_maria-chrysostom_0', 'art_maria_chrysostom', 'Theotokos of the Sign', 2024, 'Egg tempera and 23k gold leaf on linen-mounted gesso', '16 × 20 in.', 'Commissioned for the Lady Chapel at Holy Trinity, Indiana.', 'halo', '#1d3a6b', '#a8893f', 0);
INSERT OR REPLACE INTO artworks (id, artist_id, title, year, medium, dimensions, caption, pattern, palette_from, palette_to, sort_order) VALUES ('work_maria-chrysostom_1', 'art_maria_chrysostom', 'Christ Pantocrator', 2023, 'Egg tempera and gold leaf', '24 × 30 in.', 'For the apse of a private chapel, Tennessee.', 'halo', '#5e1623', '#876b2c', 1);
INSERT OR REPLACE INTO artworks (id, artist_id, title, year, medium, dimensions, caption, pattern, palette_from, palette_to, sort_order) VALUES ('work_maria-chrysostom_2', 'art_maria_chrysostom', 'St. Anna Teaching the Virgin', 2024, 'Egg tempera on poplar', '10 × 12 in.', 'A baptismal gift for a goddaughter.', 'vesica', '#7a1f2c', '#c9a961', 2);
INSERT OR REPLACE INTO artworks (id, artist_id, title, year, medium, dimensions, caption, pattern, palette_from, palette_to, sort_order) VALUES ('work_maria-chrysostom_3', 'art_maria_chrysostom', 'The Holy Forerunner', 2022, 'Egg tempera, gold leaf', '12 × 16 in.', 'From the deesis cycle, parish of St. John, Pittsburgh.', 'halo', '#535835', '#1c160e', 3);

INSERT OR REPLACE INTO artists (id, slug, honorific, name, city, region, bio, portrait_from, portrait_to, accepting_commissions, years_practicing, starting_at, custom_pricing, diocese_name, order_slug, vocation_statement, patron) VALUES ('art_br_andrew_of_subiaco', 'br-andrew-of-subiaco', 'Br.', 'Andrew of Subiaco', 'Subiaco, Lazio', 'Italy', '["A Benedictine of the Subiaco Cassinese congregation, Br. Andrew has carved corpora, altar fronts, and devotional figures since taking solemn vows in 2003. He keeps the Liturgy of the Hours and works between Lauds and Vespers.","His pieces are spare, weighty, and unsentimental. He works primarily in travertine, walnut, and cherry, finishing wood with hand-rubbed beeswax and stone with a bush hammer."]', '#3a3024', '#1c160e', 1, 22, 3400, 1, 'Diocese of Tivoli', 'benedictine', 'Stone is patient. The figure is already there; my work is only to remove what is not the figure.', 'St. Benedict');
INSERT OR REPLACE INTO artist_categories (artist_id, category_slug) VALUES ('art_br_andrew_of_subiaco', 'sculpture');
INSERT OR REPLACE INTO artist_saints (artist_id, saint_slug) VALUES ('art_br_andrew_of_subiaco', 'francis');
INSERT OR REPLACE INTO artist_saints (artist_id, saint_slug) VALUES ('art_br_andrew_of_subiaco', 'anthony');
INSERT OR REPLACE INTO artist_saints (artist_id, saint_slug) VALUES ('art_br_andrew_of_subiaco', 'padre-pio');
INSERT OR REPLACE INTO artist_tiers (id, artist_id, tier_id, name, description, starting_at, turnaround_weeks_min, turnaround_weeks_max, sort_order) VALUES ('tier_br-andrew-of-subiaco_small', 'art_br_andrew_of_subiaco', 'small', 'Devotional Figure', 'Tabletop devotional in wood. Up to 18 inches.', 3400, 12, 18, 0);
INSERT OR REPLACE INTO artist_tiers (id, artist_id, tier_id, name, description, starting_at, turnaround_weeks_min, turnaround_weeks_max, sort_order) VALUES ('tier_br-andrew-of-subiaco_standard', 'art_br_andrew_of_subiaco', 'standard', 'Parish Crucifix or Saint', 'Full-size figure for chapel or parish. Wood or stone.', 9000, 24, 36, 1);
INSERT OR REPLACE INTO artist_tiers (id, artist_id, tier_id, name, description, starting_at, turnaround_weeks_min, turnaround_weeks_max, sort_order) VALUES ('tier_br-andrew-of-subiaco_major', 'art_br_andrew_of_subiaco', 'major', 'Architectural Sculpture', 'Altar frontals, tympana, capitals, façade work.', 22000, 40, 72, 2);
INSERT OR REPLACE INTO artworks (id, artist_id, title, year, medium, dimensions, caption, pattern, palette_from, palette_to, sort_order) VALUES ('work_br-andrew-of-subiaco_0', 'art_br_andrew_of_subiaco', 'Corpus, Romanesque', 2023, 'Walnut, hand-rubbed wax', '32 in. corpus on cross', 'For a Cistercian chapel, Vermont.', 'cross', '#3a3024', '#876b2c', 0);
INSERT OR REPLACE INTO artworks (id, artist_id, title, year, medium, dimensions, caption, pattern, palette_from, palette_to, sort_order) VALUES ('work_br-andrew-of-subiaco_1', 'art_br_andrew_of_subiaco', 'St. Benedict at Prayer', 2024, 'Travertine', '24 × 12 × 10 in.', 'Garden niche, private commission.', NULL, '#c9b072', '#3a3024', 1);
INSERT OR REPLACE INTO artworks (id, artist_id, title, year, medium, dimensions, caption, pattern, palette_from, palette_to, sort_order) VALUES ('work_br-andrew-of-subiaco_2', 'art_br_andrew_of_subiaco', 'Pietà, Small', 2022, 'Cherry, oiled', '14 in. high', 'Tabletop devotional, parish gift.', NULL, '#5e1623', '#1c160e', 2);
INSERT OR REPLACE INTO artworks (id, artist_id, title, year, medium, dimensions, caption, pattern, palette_from, palette_to, sort_order) VALUES ('work_br-andrew-of-subiaco_3', 'art_br_andrew_of_subiaco', 'Altar Frontal: Agnus Dei', 2024, 'Carved travertine relief', '60 × 36 in.', 'Side chapel, monastery of S. Cosimato.', 'frame', '#876b2c', '#3a3024', 3);

INSERT OR REPLACE INTO artists (id, slug, honorific, name, city, region, bio, portrait_from, portrait_to, accepting_commissions, years_practicing, starting_at, custom_pricing, diocese_name, order_slug, vocation_statement, patron) VALUES ('art_giovanna_solis', 'giovanna-solis', NULL, 'Giovanna Solís', 'Ciudad de México', 'Mexico', '["Giovanna studied composition at the Conservatorio Nacional and choral conducting at the Pontifical Institute of Sacred Music in Rome. She conducts the Coro de la Asunción and writes for parishes across Latin America.","Her settings are modal, polyphonic, and singable — designed for parish choirs of modest size, with optional descant lines for feast days."]', '#535835', '#876b2c', 1, 17, 900, 1, 'Archdiocese of Mexico', NULL, 'I compose for choirs of breath and bone — Mass settings, motets, and household hymns that the people of God can carry in their voices.', 'St. Cecilia');
INSERT OR REPLACE INTO artist_categories (artist_id, category_slug) VALUES ('art_giovanna_solis', 'sacred-music');
INSERT OR REPLACE INTO artist_saints (artist_id, saint_slug) VALUES ('art_giovanna_solis', 'mary');
INSERT OR REPLACE INTO artist_saints (artist_id, saint_slug) VALUES ('art_giovanna_solis', 'guadalupe');
INSERT OR REPLACE INTO artist_saints (artist_id, saint_slug) VALUES ('art_giovanna_solis', 'kolbe');
INSERT OR REPLACE INTO artist_tiers (id, artist_id, tier_id, name, description, starting_at, turnaround_weeks_min, turnaround_weeks_max, sort_order) VALUES ('tier_giovanna-solis_small', 'art_giovanna_solis', 'small', 'Hymn or Anthem', 'Single hymn or short motet for a specific occasion.', 900, 4, 8, 0);
INSERT OR REPLACE INTO artist_tiers (id, artist_id, tier_id, name, description, starting_at, turnaround_weeks_min, turnaround_weeks_max, sort_order) VALUES ('tier_giovanna-solis_standard', 'art_giovanna_solis', 'standard', 'Mass Setting', 'Full Ordinary (Kyrie, Gloria, Sanctus, Agnus Dei) for SATB and organ.', 4800, 12, 20, 1);
INSERT OR REPLACE INTO artist_tiers (id, artist_id, tier_id, name, description, starting_at, turnaround_weeks_min, turnaround_weeks_max, sort_order) VALUES ('tier_giovanna-solis_major', 'art_giovanna_solis', 'major', 'Liturgical Cycle', 'Festal cycle, oratorio, or full Vespers for a particular community.', 14000, 24, 52, 2);
INSERT OR REPLACE INTO artworks (id, artist_id, title, year, medium, dimensions, caption, pattern, palette_from, palette_to, sort_order) VALUES ('work_giovanna-solis_0', 'art_giovanna_solis', 'Missa de Guadalupe', 2024, 'SATB choir, organ, optional brass', NULL, 'Premiered Dec 12, Basílica de Guadalupe.', NULL, '#5e1623', '#a8893f', 0);
INSERT OR REPLACE INTO artworks (id, artist_id, title, year, medium, dimensions, caption, pattern, palette_from, palette_to, sort_order) VALUES ('work_giovanna-solis_1', 'art_giovanna_solis', 'Vidi Aquam — Easter Antiphon', 2023, 'SATB unaccompanied', NULL, 'Five-voice setting in the Mode VIII tradition.', NULL, '#1d3a6b', '#28477a', 1);
INSERT OR REPLACE INTO artworks (id, artist_id, title, year, medium, dimensions, caption, pattern, palette_from, palette_to, sort_order) VALUES ('work_giovanna-solis_2', 'art_giovanna_solis', 'Three Motets for the Hours', 2024, 'Treble voices and harp', NULL, 'Lauds, Vespers, Compline.', NULL, '#876b2c', '#1c160e', 2);
INSERT OR REPLACE INTO artworks (id, artist_id, title, year, medium, dimensions, caption, pattern, palette_from, palette_to, sort_order) VALUES ('work_giovanna-solis_3', 'art_giovanna_solis', 'Hymn for a Wedding', 2024, 'Congregation and organ, with descant', NULL, 'Commissioned for a private wedding.', NULL, '#7a1f2c', '#c9a961', 3);

INSERT OR REPLACE INTO artists (id, slug, honorific, name, city, region, bio, portrait_from, portrait_to, accepting_commissions, years_practicing, starting_at, custom_pricing, diocese_name, order_slug, vocation_statement, patron) VALUES ('art_tobias_wren', 'tobias-wren', NULL, 'Tobias Wren', 'Falmouth, Cornwall', 'United Kingdom', '["Tobias trained at the Florence Academy of Art and apprenticed under the late Giuliano Borghini in Bologna. He works from a converted chapel above the Helford estuary.","His Passion-cycle paintings have been commissioned for parishes in Cornwall, Connecticut, and South Australia. He paints by north light only."]', '#42101a', '#1c160e', 1, 19, 5400, 1, 'Diocese of Plymouth', NULL, 'I paint slowly, in oil on linen, with the dark grounds and warm glazes of the late Italian Baroque — for the Passion above all.', 'St. Luke');
INSERT OR REPLACE INTO artist_categories (artist_id, category_slug) VALUES ('art_tobias_wren', 'sacred-painting');
INSERT OR REPLACE INTO artist_saints (artist_id, saint_slug) VALUES ('art_tobias_wren', 'joseph');
INSERT OR REPLACE INTO artist_saints (artist_id, saint_slug) VALUES ('art_tobias_wren', 'michael');
INSERT OR REPLACE INTO artist_saints (artist_id, saint_slug) VALUES ('art_tobias_wren', 'patrick');
INSERT OR REPLACE INTO artist_tiers (id, artist_id, tier_id, name, description, starting_at, turnaround_weeks_min, turnaround_weeks_max, sort_order) VALUES ('tier_tobias-wren_small', 'art_tobias_wren', 'small', 'Devotional Painting', 'Single-figure devotional painting, up to 24×30 in., oil on linen or panel.', 5400, 16, 24, 0);
INSERT OR REPLACE INTO artist_tiers (id, artist_id, tier_id, name, description, starting_at, turnaround_weeks_min, turnaround_weeks_max, sort_order) VALUES ('tier_tobias-wren_standard', 'art_tobias_wren', 'standard', 'Altar or Chapel Painting', 'Larger work for altarpieces, side chapels, or refectory walls.', 14000, 28, 48, 1);
INSERT OR REPLACE INTO artist_tiers (id, artist_id, tier_id, name, description, starting_at, turnaround_weeks_min, turnaround_weeks_max, sort_order) VALUES ('tier_tobias-wren_major', 'art_tobias_wren', 'major', 'Cycle / Triptych', 'Multi-panel cycles — Passion, Marian life, hagiographic series.', 38000, 48, 96, 2);
INSERT OR REPLACE INTO artworks (id, artist_id, title, year, medium, dimensions, caption, pattern, palette_from, palette_to, sort_order) VALUES ('work_tobias-wren_0', 'art_tobias_wren', 'Christ at the Column', 2024, 'Oil on linen, hand-stretched', '36 × 48 in.', 'Holy Week panel, parish of St. Mary, Truro.', 'frame', '#3a3024', '#42101a', 0);
INSERT OR REPLACE INTO artworks (id, artist_id, title, year, medium, dimensions, caption, pattern, palette_from, palette_to, sort_order) VALUES ('work_tobias-wren_1', 'art_tobias_wren', 'Annunciation, with Iris', 2023, 'Oil on poplar panel', '24 × 36 in.', 'Private commission, Devon.', NULL, '#1d3a6b', '#a8893f', 1);
INSERT OR REPLACE INTO artworks (id, artist_id, title, year, medium, dimensions, caption, pattern, palette_from, palette_to, sort_order) VALUES ('work_tobias-wren_2', 'art_tobias_wren', 'Supper at Emmaus', 2024, 'Oil on linen', '48 × 60 in.', 'Refectory commission, Benedictine Abbey.', NULL, '#876b2c', '#1c160e', 2);
INSERT OR REPLACE INTO artworks (id, artist_id, title, year, medium, dimensions, caption, pattern, palette_from, palette_to, sort_order) VALUES ('work_tobias-wren_3', 'art_tobias_wren', 'Madonna del Mare', 2022, 'Oil on linen', '30 × 40 in.', 'Painted from the studio window over the estuary.', NULL, '#1d3a6b', '#5e1623', 3);

INSERT OR REPLACE INTO artists (id, slug, honorific, name, city, region, bio, portrait_from, portrait_to, accepting_commissions, years_practicing, starting_at, custom_pricing, diocese_name, order_slug, vocation_statement, patron) VALUES ('art_annunciata_park', 'annunciata-park', NULL, 'Annunciata Park', 'Seoul', 'South Korea', '["Annunciata trained at the Royal College of Art and at Atelier Loire in the Loire Valley. Her studio in Seongbuk-gu produces leaded windows and copper-foil work for parishes across Asia.","Her windows favour deep cobalts, hot golds, and the chartreuse the French call vert anglais — colours that read across a nave at noon and at Compline."]', '#1d3a6b', '#28477a', 1, 11, 6800, 1, 'Archdiocese of Seoul', NULL, 'Glass is the architecture of light. I cut and lead it so that the morning sun preaches the homily before the priest does.', 'Our Lady of the Annunciation');
INSERT OR REPLACE INTO artist_categories (artist_id, category_slug) VALUES ('art_annunciata_park', 'stained-glass-mosaic');
INSERT OR REPLACE INTO artist_saints (artist_id, saint_slug) VALUES ('art_annunciata_park', 'mary');
INSERT OR REPLACE INTO artist_saints (artist_id, saint_slug) VALUES ('art_annunciata_park', 'guadalupe');
INSERT OR REPLACE INTO artist_saints (artist_id, saint_slug) VALUES ('art_annunciata_park', 'faustina');
INSERT OR REPLACE INTO artist_tiers (id, artist_id, tier_id, name, description, starting_at, turnaround_weeks_min, turnaround_weeks_max, sort_order) VALUES ('tier_annunciata-park_small', 'art_annunciata_park', 'small', 'Domestic Panel', 'Hanging panel or transom for the home.', 6800, 10, 16, 0);
INSERT OR REPLACE INTO artist_tiers (id, artist_id, tier_id, name, description, starting_at, turnaround_weeks_min, turnaround_weeks_max, sort_order) VALUES ('tier_annunciata-park_standard', 'art_annunciata_park', 'standard', 'Lancet or Roundel', 'Single lancet window or rose for a chapel or parish, fitted on site.', 22000, 24, 40, 1);
INSERT OR REPLACE INTO artist_tiers (id, artist_id, tier_id, name, description, starting_at, turnaround_weeks_min, turnaround_weeks_max, sort_order) VALUES ('tier_annunciata-park_major', 'art_annunciata_park', 'major', 'Window Cycle', 'Aisle cycle, clerestory, or full sanctuary scheme. Multi-window programs.', 70000, 40, 96, 2);
INSERT OR REPLACE INTO artworks (id, artist_id, title, year, medium, dimensions, caption, pattern, palette_from, palette_to, sort_order) VALUES ('work_annunciata-park_0', 'art_annunciata_park', 'Tree of Jesse', 2024, 'Leaded antique glass', '9 × 18 ft. (lancet)', 'North aisle window, parish of the Annunciation, Busan.', 'vesica', '#1d3a6b', '#a8893f', 0);
INSERT OR REPLACE INTO artworks (id, artist_id, title, year, medium, dimensions, caption, pattern, palette_from, palette_to, sort_order) VALUES ('work_annunciata-park_1', 'art_annunciata_park', 'Pentecost Rose', 2023, 'Leaded glass', '6 ft. dia.', 'Rose window, school chapel, Seoul.', NULL, '#7a1f2c', '#c9a961', 1);
INSERT OR REPLACE INTO artworks (id, artist_id, title, year, medium, dimensions, caption, pattern, palette_from, palette_to, sort_order) VALUES ('work_annunciata-park_2', 'art_annunciata_park', 'St. Andrew Kim Taegon', 2024, 'Copper foil panel', '18 × 36 in.', 'Memorial, parish narthex.', NULL, '#535835', '#1c160e', 2);
INSERT OR REPLACE INTO artworks (id, artist_id, title, year, medium, dimensions, caption, pattern, palette_from, palette_to, sort_order) VALUES ('work_annunciata-park_3', 'art_annunciata_park', 'Sea of Galilee — Domestic Window', 2024, 'Copper foil', '24 × 36 in.', 'Private chapel, family home.', NULL, '#28477a', '#876b2c', 3);

INSERT OR REPLACE INTO artists (id, slug, honorific, name, city, region, bio, portrait_from, portrait_to, accepting_commissions, years_practicing, starting_at, custom_pricing, diocese_name, order_slug, vocation_statement, patron) VALUES ('art_felix_donnegan', 'felix-donnegan', NULL, 'Felix Donnegan', 'Galway', 'Ireland', '["Felix read English at Trinity College Dublin and trained briefly with the Dominican preachers of St. Saviour''s. He writes sonnets, litanies, and prose-poems for private commissions, and a small annual cycle for the parish of St. Augustine.","Each commission is hand-set on a Vandercook proof press in Galway, on Hahnemühle paper, and signed."]', '#876b2c', '#535835', 1, 9, 380, 0, 'Diocese of Galway, Kilmacduagh & Kilfenora', NULL, 'I write occasional verse for the seasons of a Catholic life — births and weddings, requiems and feast days — in metre and rhyme, by hand.', 'St. Brigid');
INSERT OR REPLACE INTO artist_categories (artist_id, category_slug) VALUES ('art_felix_donnegan', 'sacred-poetry');
INSERT OR REPLACE INTO artist_saints (artist_id, saint_slug) VALUES ('art_felix_donnegan', 'michael');
INSERT OR REPLACE INTO artist_saints (artist_id, saint_slug) VALUES ('art_felix_donnegan', 'augustine');
INSERT OR REPLACE INTO artist_saints (artist_id, saint_slug) VALUES ('art_felix_donnegan', 'jpii');
INSERT OR REPLACE INTO artist_tiers (id, artist_id, tier_id, name, description, starting_at, turnaround_weeks_min, turnaround_weeks_max, sort_order) VALUES ('tier_felix-donnegan_small', 'art_felix_donnegan', 'small', 'Occasional Poem', 'A single occasional poem for a baptism, birthday, anniversary, or feast.', 380, 3, 6, 0);
INSERT OR REPLACE INTO artist_tiers (id, artist_id, tier_id, name, description, starting_at, turnaround_weeks_min, turnaround_weeks_max, sort_order) VALUES ('tier_felix-donnegan_standard', 'art_felix_donnegan', 'standard', 'Wedding or Requiem Cycle', 'Cycle of poems for a wedding, requiem, or jubilee. Up to four poems.', 1200, 6, 10, 1);
INSERT OR REPLACE INTO artist_tiers (id, artist_id, tier_id, name, description, starting_at, turnaround_weeks_min, turnaround_weeks_max, sort_order) VALUES ('tier_felix-donnegan_major', 'art_felix_donnegan', 'major', 'Manuscript Book', 'Hand-bound book of devotional verse for a community or family.', 4400, 16, 28, 2);
INSERT OR REPLACE INTO artworks (id, artist_id, title, year, medium, dimensions, caption, pattern, palette_from, palette_to, sort_order) VALUES ('work_felix-donnegan_0', 'art_felix_donnegan', 'Sonnet for a Christening', 2024, 'Letterpress on Hahnemühle, signed', NULL, 'A private commission for godparents.', NULL, '#a8893f', '#5e1623', 0);
INSERT OR REPLACE INTO artworks (id, artist_id, title, year, medium, dimensions, caption, pattern, palette_from, palette_to, sort_order) VALUES ('work_felix-donnegan_1', 'art_felix_donnegan', 'Litany of the Hidden Life', 2023, 'Letterpress, two-colour', NULL, 'Commissioned for the silver jubilee of a Carmelite community.', NULL, '#5e1623', '#1c160e', 1);
INSERT OR REPLACE INTO artworks (id, artist_id, title, year, medium, dimensions, caption, pattern, palette_from, palette_to, sort_order) VALUES ('work_felix-donnegan_2', 'art_felix_donnegan', 'Aubade for Holy Saturday', 2024, 'Manuscript, ink on vellum', NULL, 'A private gift, requested for Easter Vigil.', NULL, '#1c160e', '#a8893f', 2);
INSERT OR REPLACE INTO artworks (id, artist_id, title, year, medium, dimensions, caption, pattern, palette_from, palette_to, sort_order) VALUES ('work_felix-donnegan_3', 'art_felix_donnegan', 'Three Sonnets for a Wedding', 2024, 'Letterpress portfolio', NULL, 'Read in the parish at the Nuptial Mass.', NULL, '#7a1f2c', '#c9a961', 3);

INSERT OR REPLACE INTO artists (id, slug, honorific, name, city, region, bio, portrait_from, portrait_to, accepting_commissions, years_practicing, starting_at, custom_pricing, diocese_name, order_slug, vocation_statement, patron) VALUES ('art_bartolomeu_camara', 'bartolomeu-camara', NULL, 'Bartolomeu Câmara', 'Recife, Pernambuco', 'Brazil', '["Bartolomeu apprenticed in the santeiro tradition of the Brazilian Northeast and travelled to Spain to study polychromy with the Sevillian masters. He works from a workshop next to the Igreja de São José, where his father carved before him.","His finished pieces are polychromed in tempera and gilt, in the style of the colonial sculpture of Recife and Olinda."]', '#5e1623', '#876b2c', 1, 26, 2400, 1, 'Archdiocese of Olinda and Recife', 'franciscan', 'I carve in cedar and basswood for the parishes of the Northeast. The saints come from the same forest as the boats and the lintels.', 'St. Joseph');
INSERT OR REPLACE INTO artist_categories (artist_id, category_slug) VALUES ('art_bartolomeu_camara', 'sculpture');
INSERT OR REPLACE INTO artist_saints (artist_id, saint_slug) VALUES ('art_bartolomeu_camara', 'mary');
INSERT OR REPLACE INTO artist_saints (artist_id, saint_slug) VALUES ('art_bartolomeu_camara', 'francis');
INSERT OR REPLACE INTO artist_saints (artist_id, saint_slug) VALUES ('art_bartolomeu_camara', 'anthony');
INSERT OR REPLACE INTO artist_tiers (id, artist_id, tier_id, name, description, starting_at, turnaround_weeks_min, turnaround_weeks_max, sort_order) VALUES ('tier_bartolomeu-camara_small', 'art_bartolomeu_camara', 'small', 'Domestic Saint', 'Devotional figure for the home, polychromed and gilt.', 2400, 10, 16, 0);
INSERT OR REPLACE INTO artist_tiers (id, artist_id, tier_id, name, description, starting_at, turnaround_weeks_min, turnaround_weeks_max, sort_order) VALUES ('tier_bartolomeu-camara_standard', 'art_bartolomeu_camara', 'standard', 'Parish Patron', 'Standing figure for parish or chapel, up to 48 inches.', 7200, 20, 32, 1);
INSERT OR REPLACE INTO artist_tiers (id, artist_id, tier_id, name, description, starting_at, turnaround_weeks_min, turnaround_weeks_max, sort_order) VALUES ('tier_bartolomeu-camara_major', 'art_bartolomeu_camara', 'major', 'Crèche or Altar Set', 'Multi-figure crèche, side-altar set, or processional figures.', 18000, 32, 60, 2);
INSERT OR REPLACE INTO artworks (id, artist_id, title, year, medium, dimensions, caption, pattern, palette_from, palette_to, sort_order) VALUES ('work_bartolomeu-camara_0', 'art_bartolomeu_camara', 'São José Operário', 2024, 'Polychromed cedar, gilt', '48 in. high', 'Side altar, Igreja de São José.', NULL, '#5e1623', '#a8893f', 0);
INSERT OR REPLACE INTO artworks (id, artist_id, title, year, medium, dimensions, caption, pattern, palette_from, palette_to, sort_order) VALUES ('work_bartolomeu-camara_1', 'art_bartolomeu_camara', 'Nossa Senhora do Carmo', 2023, 'Polychromed basswood', '36 in. high', 'Carmelite parish, Olinda.', NULL, '#876b2c', '#3a3024', 1);
INSERT OR REPLACE INTO artworks (id, artist_id, title, year, medium, dimensions, caption, pattern, palette_from, palette_to, sort_order) VALUES ('work_bartolomeu-camara_2', 'art_bartolomeu_camara', 'Christ Child of the Manger', 2024, 'Polychromed cedar', '18 in. long', 'Crèche figure for a private chapel.', NULL, '#c9a961', '#5e1623', 2);
INSERT OR REPLACE INTO artworks (id, artist_id, title, year, medium, dimensions, caption, pattern, palette_from, palette_to, sort_order) VALUES ('work_bartolomeu-camara_3', 'art_bartolomeu_camara', 'Santo Antônio with the Christ Child', 2022, 'Polychromed cedar, gilt halo', '30 in. high', 'Parish gift in honour of a deceased benefactor.', NULL, '#7a1f2c', '#876b2c', 3);

INSERT OR REPLACE INTO artists (id, slug, honorific, name, city, region, bio, portrait_from, portrait_to, accepting_commissions, years_practicing, starting_at, custom_pricing, diocese_name, order_slug, vocation_statement, patron) VALUES ('art_sr_clare_of_avila', 'sr-clare-of-avila', 'Sr.', 'Clare of Ávila', 'Abiquiú, New Mexico', 'United States', '["A Carmelite tertiary in the secular order, Sr. Clare paints from a small adobe studio in northern New Mexico. Her work is in the tradition of medieval marginalia: small, witty, devout, deeply seen.","She is sought for personal missals, illuminated initials for handbound books, and miniature portraits of patron saints."]', '#c9b072', '#876b2c', 1, 13, 540, 1, 'Archdiocese of Santa Fe', 'discalced-carmelite', 'I work small. Watercolour and ink, illuminated initials, miniatures the size of a hand — for breviaries, missals, and hidden devotion.', 'St. Clare of Assisi');
INSERT OR REPLACE INTO artist_categories (artist_id, category_slug) VALUES ('art_sr_clare_of_avila', 'sacred-painting');
INSERT OR REPLACE INTO artist_categories (artist_id, category_slug) VALUES ('art_sr_clare_of_avila', 'image-making');
INSERT OR REPLACE INTO artist_saints (artist_id, saint_slug) VALUES ('art_sr_clare_of_avila', 'catherine-siena');
INSERT OR REPLACE INTO artist_saints (artist_id, saint_slug) VALUES ('art_sr_clare_of_avila', 'therese');
INSERT OR REPLACE INTO artist_saints (artist_id, saint_slug) VALUES ('art_sr_clare_of_avila', 'mary');
INSERT OR REPLACE INTO artist_tiers (id, artist_id, tier_id, name, description, starting_at, turnaround_weeks_min, turnaround_weeks_max, sort_order) VALUES ('tier_sr-clare-of-avila_small', 'art_sr_clare_of_avila', 'small', 'Miniature or Initial', 'Single miniature or illuminated initial.', 540, 4, 8, 0);
INSERT OR REPLACE INTO artist_tiers (id, artist_id, tier_id, name, description, starting_at, turnaround_weeks_min, turnaround_weeks_max, sort_order) VALUES ('tier_sr-clare-of-avila_standard', 'art_sr_clare_of_avila', 'standard', 'Page Cycle', 'Set of illuminated pages — opening, hours, or feast — for a personal book.', 1900, 10, 16, 1);
INSERT OR REPLACE INTO artist_tiers (id, artist_id, tier_id, name, description, starting_at, turnaround_weeks_min, turnaround_weeks_max, sort_order) VALUES ('tier_sr-clare-of-avila_major', 'art_sr_clare_of_avila', 'major', 'Personal Missal', 'Fully illuminated personal missal or book of hours, hand-bound.', 7800, 28, 60, 2);
INSERT OR REPLACE INTO artworks (id, artist_id, title, year, medium, dimensions, caption, pattern, palette_from, palette_to, sort_order) VALUES ('work_sr-clare-of-avila_0', 'art_sr_clare_of_avila', 'Initial T — Te Igitur', 2024, 'Watercolour and 23k gold leaf on Hahnemühle', '5 × 7 in.', 'Opening initial for a private hand-bound Roman Canon book.', NULL, '#a8893f', '#5e1623', 0);
INSERT OR REPLACE INTO artworks (id, artist_id, title, year, medium, dimensions, caption, pattern, palette_from, palette_to, sort_order) VALUES ('work_sr-clare-of-avila_1', 'art_sr_clare_of_avila', 'Miniature: St. Thérèse', 2023, 'Watercolour and gouache', '3 × 4 in.', 'Pocket portrait for a Carmelite friend.', NULL, '#7a1f2c', '#c9a961', 1);
INSERT OR REPLACE INTO artworks (id, artist_id, title, year, medium, dimensions, caption, pattern, palette_from, palette_to, sort_order) VALUES ('work_sr-clare-of-avila_2', 'art_sr_clare_of_avila', 'Marginalia for Compline', 2024, 'Ink and watercolour on vellum', 'Octavo', 'Borders for the Compline pages of a personal breviary.', NULL, '#1d3a6b', '#876b2c', 2);
INSERT OR REPLACE INTO artworks (id, artist_id, title, year, medium, dimensions, caption, pattern, palette_from, palette_to, sort_order) VALUES ('work_sr-clare-of-avila_3', 'art_sr_clare_of_avila', 'The Desert at Lauds', 2024, 'Watercolour on cold-press', '8 × 10 in.', 'From the chapel window in Abiquiú.', NULL, '#876b2c', '#3a3024', 3);

INSERT OR REPLACE INTO artists (id, slug, honorific, name, city, region, bio, portrait_from, portrait_to, accepting_commissions, years_practicing, starting_at, custom_pricing, diocese_name, order_slug, vocation_statement, patron) VALUES ('art_henrik_aslaksen', 'henrik-aslaksen', NULL, 'Henrik Aslaksen', 'Bergen', 'Norway', '["Henrik works in 4×5 view-camera photography, with film developed and printed by hand in his Bergen darkroom. He has documented pilgrimage routes from Trondheim to Santiago de Compostela.","His commissioned work includes documentary cycles of parish life, family portraits in the Old Master tradition, and silver gelatin prints of liturgical celebrations."]', '#28477a', '#1c160e', 1, 16, 1600, 1, 'Diocese of Oslo', NULL, 'I photograph slowly, in large format and silver gelatin — pilgrimage, liturgy, and the long Northern light.', 'St. Sunniva');
INSERT OR REPLACE INTO artist_categories (artist_id, category_slug) VALUES ('art_henrik_aslaksen', 'image-making');
INSERT OR REPLACE INTO artist_saints (artist_id, saint_slug) VALUES ('art_henrik_aslaksen', 'michael');
INSERT OR REPLACE INTO artist_saints (artist_id, saint_slug) VALUES ('art_henrik_aslaksen', 'patrick');
INSERT OR REPLACE INTO artist_saints (artist_id, saint_slug) VALUES ('art_henrik_aslaksen', 'augustine');
INSERT OR REPLACE INTO artist_tiers (id, artist_id, tier_id, name, description, starting_at, turnaround_weeks_min, turnaround_weeks_max, sort_order) VALUES ('tier_henrik-aslaksen_small', 'art_henrik_aslaksen', 'small', 'Print or Portrait', 'Single silver gelatin print or portrait sitting.', 1600, 6, 10, 0);
INSERT OR REPLACE INTO artist_tiers (id, artist_id, tier_id, name, description, starting_at, turnaround_weeks_min, turnaround_weeks_max, sort_order) VALUES ('tier_henrik-aslaksen_standard', 'art_henrik_aslaksen', 'standard', 'Family or Parish Cycle', 'Documentary cycle — a baptism, a wedding, a parish year — printed and bound.', 5400, 10, 20, 1);
INSERT OR REPLACE INTO artist_tiers (id, artist_id, tier_id, name, description, starting_at, turnaround_weeks_min, turnaround_weeks_max, sort_order) VALUES ('tier_henrik-aslaksen_major', 'art_henrik_aslaksen', 'major', 'Pilgrimage Project', 'Multi-week documentary project around a pilgrimage, jubilee, or festal cycle.', 18000, 16, 36, 2);
INSERT OR REPLACE INTO artworks (id, artist_id, title, year, medium, dimensions, caption, pattern, palette_from, palette_to, sort_order) VALUES ('work_henrik-aslaksen_0', 'art_henrik_aslaksen', 'Vigil at Nidaros', 2023, 'Silver gelatin print, hand-developed', '20 × 24 in.', 'From the Olavsfest pilgrimage cycle.', NULL, '#1c160e', '#28477a', 0);
INSERT OR REPLACE INTO artworks (id, artist_id, title, year, medium, dimensions, caption, pattern, palette_from, palette_to, sort_order) VALUES ('work_henrik-aslaksen_1', 'art_henrik_aslaksen', 'Family at Compline', 2024, 'Silver gelatin print', '16 × 20 in.', 'Domestic liturgy, private commission.', NULL, '#3a3024', '#1c160e', 1);
INSERT OR REPLACE INTO artworks (id, artist_id, title, year, medium, dimensions, caption, pattern, palette_from, palette_to, sort_order) VALUES ('work_henrik-aslaksen_2', 'art_henrik_aslaksen', 'Easter Vigil — Three Plates', 2024, 'Triptych, silver gelatin', 'Each 11 × 14 in.', 'Fire, water, and Eucharist — a parish commission for the narthex.', 'triptych', '#42101a', '#876b2c', 2);
INSERT OR REPLACE INTO artworks (id, artist_id, title, year, medium, dimensions, caption, pattern, palette_from, palette_to, sort_order) VALUES ('work_henrik-aslaksen_3', 'art_henrik_aslaksen', 'Pilgrim Path, Solstice', 2022, 'Silver gelatin, large format', '24 × 30 in.', 'Camino del Norte at midsummer.', NULL, '#535835', '#1c160e', 3);

INSERT OR REPLACE INTO artists (id, slug, honorific, name, city, region, bio, portrait_from, portrait_to, accepting_commissions, years_practicing, starting_at, custom_pricing, diocese_name, order_slug, vocation_statement, patron) VALUES ('art_theo_marchand', 'theo-marchand', NULL, 'Théo Marchand', 'Lyon', 'France', '["Théo studied composition at the Conservatoire de Lyon and organ at the Schola Cantorum in Paris. He is organiste suppléant at the Primatiale Saint-Jean.","His commissioned hymns and Mass settings are published in small letterpress editions for parishes across the Francophone world."]', '#535835', '#1c160e', 1, 12, 700, 1, 'Archdiocese of Lyon', 'dominican', 'I write for the organ and the parish choir — chant-rooted, modal, made to fit the throat of an actual congregation.', 'St. Pothinus');
INSERT OR REPLACE INTO artist_categories (artist_id, category_slug) VALUES ('art_theo_marchand', 'sacred-music');
INSERT OR REPLACE INTO artist_saints (artist_id, saint_slug) VALUES ('art_theo_marchand', 'bernadette');
INSERT OR REPLACE INTO artist_saints (artist_id, saint_slug) VALUES ('art_theo_marchand', 'therese');
INSERT OR REPLACE INTO artist_saints (artist_id, saint_slug) VALUES ('art_theo_marchand', 'joseph');
INSERT OR REPLACE INTO artist_tiers (id, artist_id, tier_id, name, description, starting_at, turnaround_weeks_min, turnaround_weeks_max, sort_order) VALUES ('tier_theo-marchand_small', 'art_theo_marchand', 'small', 'Hymn or Verset', 'Single hymn, verset, or organ piece for an occasion.', 700, 3, 6, 0);
INSERT OR REPLACE INTO artist_tiers (id, artist_id, tier_id, name, description, starting_at, turnaround_weeks_min, turnaround_weeks_max, sort_order) VALUES ('tier_theo-marchand_standard', 'art_theo_marchand', 'standard', 'Mass Setting', 'Full Ordinary for SATB and organ.', 4200, 10, 18, 1);
INSERT OR REPLACE INTO artist_tiers (id, artist_id, tier_id, name, description, starting_at, turnaround_weeks_min, turnaround_weeks_max, sort_order) VALUES ('tier_theo-marchand_major', 'art_theo_marchand', 'major', 'Vespers or Requiem', 'Multi-movement work for a parish or jubilee.', 12000, 20, 40, 2);
INSERT OR REPLACE INTO artworks (id, artist_id, title, year, medium, dimensions, caption, pattern, palette_from, palette_to, sort_order) VALUES ('work_theo-marchand_0', 'art_theo_marchand', 'Hymne pour la Toussaint', 2024, 'Choir and organ', NULL, 'Composed for All Saints, parish of Saint-Bonaventure.', NULL, '#876b2c', '#3a3024', 0);
INSERT OR REPLACE INTO artworks (id, artist_id, title, year, medium, dimensions, caption, pattern, palette_from, palette_to, sort_order) VALUES ('work_theo-marchand_1', 'art_theo_marchand', 'Trois Versets — Magnificat', 2023, 'Solo organ', NULL, 'Verset cycle for Vespers.', NULL, '#1d3a6b', '#28477a', 1);
INSERT OR REPLACE INTO artworks (id, artist_id, title, year, medium, dimensions, caption, pattern, palette_from, palette_to, sort_order) VALUES ('work_theo-marchand_2', 'art_theo_marchand', 'Messe pour les Défunts', 2024, 'Choir, organ, and cello', NULL, 'Premiered November 2, Primatiale Saint-Jean.', NULL, '#1c160e', '#42101a', 2);
INSERT OR REPLACE INTO artworks (id, artist_id, title, year, medium, dimensions, caption, pattern, palette_from, palette_to, sort_order) VALUES ('work_theo-marchand_3', 'art_theo_marchand', 'Hymne du Mariage', 2024, 'Congregation and organ', NULL, 'Private wedding commission.', NULL, '#7a1f2c', '#c9a961', 3);

INSERT OR REPLACE INTO artists (id, slug, honorific, name, city, region, bio, portrait_from, portrait_to, accepting_commissions, years_practicing, starting_at, custom_pricing, diocese_name, order_slug, vocation_statement, patron) VALUES ('art_imogen_fairbairn', 'imogen-fairbairn', NULL, 'Imogen Fairbairn', 'Edinburgh, Scotland', 'United Kingdom', '["Imogen read Theology at St. Andrews and trained at the Royal Conservatoire of Scotland. She writes liturgical drama in the tradition of the York and Wakefield cycles, in modern English with a strong sense of liturgy.","Her plays have been staged in parishes from Glasgow to Boston. She offers a pre-staging consultation and trains parish casts via video."]', '#42101a', '#3a3024', 1, 10, 1100, 0, 'Archdiocese of St Andrews & Edinburgh', NULL, 'I write mystery plays, scripted devotions, and Stations cycles — for parish halls, school chapels, and the open street.', 'St. Margaret of Scotland');
INSERT OR REPLACE INTO artist_categories (artist_id, category_slug) VALUES ('art_imogen_fairbairn', 'liturgical-drama');
INSERT OR REPLACE INTO artist_saints (artist_id, saint_slug) VALUES ('art_imogen_fairbairn', 'cecilia');
INSERT OR REPLACE INTO artist_saints (artist_id, saint_slug) VALUES ('art_imogen_fairbairn', 'therese');
INSERT OR REPLACE INTO artist_saints (artist_id, saint_slug) VALUES ('art_imogen_fairbairn', 'mary');
INSERT OR REPLACE INTO artist_tiers (id, artist_id, tier_id, name, description, starting_at, turnaround_weeks_min, turnaround_weeks_max, sort_order) VALUES ('tier_imogen-fairbairn_small', 'art_imogen_fairbairn', 'small', 'Short Devotion', 'Short scripted devotion or one-act play, up to 25 min.', 1100, 6, 10, 0);
INSERT OR REPLACE INTO artist_tiers (id, artist_id, tier_id, name, description, starting_at, turnaround_weeks_min, turnaround_weeks_max, sort_order) VALUES ('tier_imogen-fairbairn_standard', 'art_imogen_fairbairn', 'standard', 'Mystery Play or Stations', 'Full mystery play, Stations cycle, or feast-day production.', 4200, 10, 20, 1);
INSERT OR REPLACE INTO artist_tiers (id, artist_id, tier_id, name, description, starting_at, turnaround_weeks_min, turnaround_weeks_max, sort_order) VALUES ('tier_imogen-fairbairn_major', 'art_imogen_fairbairn', 'major', 'Festal Cycle', 'Multi-night cycle — Holy Week, Advent, parish jubilee — for repeated annual production.', 12500, 20, 40, 2);
INSERT OR REPLACE INTO artworks (id, artist_id, title, year, medium, dimensions, caption, pattern, palette_from, palette_to, sort_order) VALUES ('work_imogen-fairbairn_0', 'art_imogen_fairbairn', 'The Wakefield Nativity, Re-set', 2024, 'Script for parish cast of 14', NULL, 'Performed Christmas Eve, parish of St. Patrick.', NULL, '#5e1623', '#876b2c', 0);
INSERT OR REPLACE INTO artworks (id, artist_id, title, year, medium, dimensions, caption, pattern, palette_from, palette_to, sort_order) VALUES ('work_imogen-fairbairn_1', 'art_imogen_fairbairn', 'Stations for the City', 2023, 'Script for procession, 14 stations', NULL, 'Good Friday public procession, Edinburgh.', NULL, '#3a3024', '#1c160e', 1);
INSERT OR REPLACE INTO artworks (id, artist_id, title, year, medium, dimensions, caption, pattern, palette_from, palette_to, sort_order) VALUES ('work_imogen-fairbairn_2', 'art_imogen_fairbairn', 'The Dream of Joseph', 2024, 'One-act play', NULL, 'Advent commission, school chapel.', NULL, '#1d3a6b', '#28477a', 2);
INSERT OR REPLACE INTO artworks (id, artist_id, title, year, medium, dimensions, caption, pattern, palette_from, palette_to, sort_order) VALUES ('work_imogen-fairbairn_3', 'art_imogen_fairbairn', 'St. Margaret at the Forth', 2024, 'Script for parish cast of 22', NULL, 'Patron-feast play, parish of St. Margaret.', NULL, '#876b2c', '#42101a', 3);

INSERT OR REPLACE INTO artists (id, slug, honorific, name, city, region, bio, portrait_from, portrait_to, accepting_commissions, years_practicing, starting_at, custom_pricing, diocese_name, order_slug, vocation_statement, patron) VALUES ('art_esteban_vega_cruz', 'esteban-vega-cruz', NULL, 'Esteban Vega Cruz', 'Granada, Andalucía', 'Spain', '["Esteban trained at the Vatican mosaic studio and at the Scuola di Mosaico in Ravenna. He works from a Granada studio that has produced apse mosaics for parishes from Ávila to Albuquerque.","He prefers Italian smalti for figures and Andalusian marble for grounds, and finishes by hand in the Ravenna manner."]', '#a8893f', '#28477a', 1, 21, 5800, 1, 'Archdiocese of Granada', 'franciscan', 'Mosaic is the art of patience, of small things kept faithful. I work in glass smalti and Carrara marble, in the tradition of Ravenna.', 'St. James the Greater');
INSERT OR REPLACE INTO artist_categories (artist_id, category_slug) VALUES ('art_esteban_vega_cruz', 'stained-glass-mosaic');
INSERT OR REPLACE INTO artist_saints (artist_id, saint_slug) VALUES ('art_esteban_vega_cruz', 'guadalupe');
INSERT OR REPLACE INTO artist_saints (artist_id, saint_slug) VALUES ('art_esteban_vega_cruz', 'kolbe');
INSERT OR REPLACE INTO artist_saints (artist_id, saint_slug) VALUES ('art_esteban_vega_cruz', 'padre-pio');
INSERT OR REPLACE INTO artist_tiers (id, artist_id, tier_id, name, description, starting_at, turnaround_weeks_min, turnaround_weeks_max, sort_order) VALUES ('tier_esteban-vega-cruz_small', 'art_esteban_vega_cruz', 'small', 'Domestic Mosaic', 'Small mosaic for a domestic chapel, niche, or wall.', 5800, 10, 18, 0);
INSERT OR REPLACE INTO artist_tiers (id, artist_id, tier_id, name, description, starting_at, turnaround_weeks_min, turnaround_weeks_max, sort_order) VALUES ('tier_esteban-vega-cruz_standard', 'art_esteban_vega_cruz', 'standard', 'Altar Frontal or Roundel', 'Altar frontal, roundel, or side-chapel mosaic.', 18000, 24, 40, 1);
INSERT OR REPLACE INTO artist_tiers (id, artist_id, tier_id, name, description, starting_at, turnaround_weeks_min, turnaround_weeks_max, sort_order) VALUES ('tier_esteban-vega-cruz_major', 'art_esteban_vega_cruz', 'major', 'Apse or Cycle', 'Apse mosaic, dome cycle, or processional scheme on architectural scale.', 60000, 48, 96, 2);
INSERT OR REPLACE INTO artworks (id, artist_id, title, year, medium, dimensions, caption, pattern, palette_from, palette_to, sort_order) VALUES ('work_esteban-vega-cruz_0', 'art_esteban_vega_cruz', 'Christ in Majesty — Apse', 2024, 'Smalti and marble, traditional buttering', '12 ft. radius', 'Apse of the parish of Santiago, Granada.', 'vesica', '#1d3a6b', '#a8893f', 0);
INSERT OR REPLACE INTO artworks (id, artist_id, title, year, medium, dimensions, caption, pattern, palette_from, palette_to, sort_order) VALUES ('work_esteban-vega-cruz_1', 'art_esteban_vega_cruz', 'Lamb on the Altar Frontal', 2023, 'Smalti on cement board', '60 × 36 in.', 'Parish altar, Albuquerque.', NULL, '#7a1f2c', '#c9a961', 1);
INSERT OR REPLACE INTO artworks (id, artist_id, title, year, medium, dimensions, caption, pattern, palette_from, palette_to, sort_order) VALUES ('work_esteban-vega-cruz_2', 'art_esteban_vega_cruz', 'Procession of the Saints', 2024, 'Smalti, gold-leafed glass', 'Continuous, 18 ft.', 'Side-chapel scheme, parish of Ávila.', NULL, '#876b2c', '#42101a', 2);
INSERT OR REPLACE INTO artworks (id, artist_id, title, year, medium, dimensions, caption, pattern, palette_from, palette_to, sort_order) VALUES ('work_esteban-vega-cruz_3', 'art_esteban_vega_cruz', 'Domestic Niche: St. James', 2024, 'Smalti and marble', '18 × 24 in.', 'Private chapel, family home.', NULL, '#535835', '#876b2c', 3);
